Ticks, P1Time, P2Time, P3Time, TotalTime, Requests, Regions, Players, Rounds, HasQuest, Replys
3818976917, 1002, 0, 0, 1005, 0, 9, 0, 20, 0, 0
3818977922, 1002, 0, 0, 1005, 0, 9, 0, 20, 0, 0
3818978927, 1003, 0, 0, 1004, 0, 9, 0, 20, 0, 0
3818979931, 953, 0, 61, 1034, 62, 9, 63, 19, 0, 346
3818980965, 757, 0, 196, 1040, 444, 9, 121, 15, 0, 1404
3818982005, 851, 0, 169, 1035, 691, 9, 138, 17, 0, 2304
3818983040, 850, 0, 161, 1017, 704, 9, 139, 17, 0, 2354
3818984057, 850, 0, 151, 1028, 713, 9, 139, 17, 0, 2354
3818985085, 850, 0, 159, 1019, 701, 9, 139, 17, 0, 2359
3818986104, 850, 0, 169, 1036, 729, 9, 139, 17, 0, 2356
3818987140, 850, 0, 153, 1017, 695, 9, 138, 17, 0, 2345
3818988157, 851, 0, 166, 1033, 703, 9, 137, 17, 0, 2320
3818989190, 850, 0, 152, 1019, 690, 9, 137, 17, 0, 2314
3818990209, 850, 0, 145, 1021, 697, 9, 137, 17, 0, 2327
3818991231, 850, 0, 158, 1022, 696, 9, 137, 17, 0, 2327
3818992253, 851, 0, 152, 1023, 697, 9, 137, 17, 0, 2329
3818993276, 851, 0, 153, 1023, 687, 9, 137, 17, 0, 2305
3818994299, 851, 0, 162, 1029, 701, 9, 136, 17, 0, 2303
3818995329, 851, 0, 167, 1031, 695, 9, 138, 17, 0, 2332
3818996360, 850, 0, 156, 1022, 706, 9, 138, 17, 1, 2346
3818997382, 850, 0, 158, 1023, 703, 9, 138, 17, 1, 2346
3818998405, 850, 0, 157, 1014, 693, 9, 138, 17, 1, 2346
3818999420, 850, 0, 158, 1018, 694, 9, 139, 17, 1, 2358
3819000438, 852, 0, 163, 1024, 703, 9, 139, 17, 1, 2363
3819001462, 850, 0, 154, 1026, 697, 9, 139, 17, 1, 2341
3819002488, 851, 0, 162, 1026, 694, 9, 137, 17, 1, 2329
3819003514, 850, 0, 161, 1025, 685, 9, 137, 17, 1, 2326
3819004539, 850, 0, 159, 1035, 677, 9, 135, 17, 1, 2273
3819005574, 850, 0, 162, 1030, 663, 9, 133, 17, 1, 2248
3819006604, 852, 0, 170, 1048, 640, 9, 132, 17, 1, 2119
3819007652, 850, 0, 159, 1040, 582, 8, 121, 17, 1, 1987
3819008692, 850, 0, 143, 1026, 575, 8, 114, 17, 1, 1922
3819009718, 850, 0, 148, 1027, 551, 8, 113, 17, 1, 1907
3819010745, 850, 0, 149, 1039, 559, 8, 113, 17, 1, 1907
3819011784, 850, 0, 146, 1024, 559, 8, 113, 17, 1, 1915
3819012808, 850, 0, 134, 1041, 539, 8, 110, 17, 1, 1849
3819013849, 850, 0, 132, 1022, 524, 8, 108, 17, 1, 1836
3819014871, 851, 0, 128, 1032, 525, 8, 108, 17, 1, 1820
3819015903, 850, 0, 127, 1031, 522, 8, 105, 17, 1, 1772
3819016934, 850, 0, 141, 1030, 597, 9, 125, 17, 1, 2098
3819017964, 851, 0, 143, 1027, 595, 9, 124, 17, 1, 2083
3819018991, 850, 0, 144, 1026, 598, 9, 124, 17, 1, 2085
3819020017, 850, 0, 143, 1027, 585, 9, 123, 17, 1, 2075
3819021044, 850, 0, 150, 1030, 597, 9, 121, 17, 1, 2033
3819022074, 850, 0, 151, 1041, 576, 9, 118, 17, 1, 2005
3819023115, 850, 0, 144, 1033, 570, 9, 118, 17, 1, 2006
3819024148, 850, 0, 149, 1029, 569, 9, 118, 17, 1, 1996
3819025177, 850, 0, 167, 1038, 565, 9, 118, 17, 1, 1999
3819026215, 851, 0, 153, 1031, 552, 11, 124, 17, 1, 2019
3819027247, 850, 0, 165, 1033, 580, 11, 124, 17, 1, 2085
3819028280, 851, 0, 157, 1031, 581, 11, 122, 17, 1, 2062
3819029312, 800, 0, 184, 1012, 561, 11, 121, 16, 1, 1922
3819030325, 851, 0, 163, 1042, 564, 11, 119, 17, 1, 1993
3819031367, 850, 0, 146, 1052, 555, 11, 116, 17, 1, 1949
3819032419, 851, 0, 158, 1043, 523, 11, 113, 17, 1, 1902
3819033462, 850, 0, 154, 1048, 525, 11, 112, 17, 1, 1887
3819034510, 851, 0, 156, 1049, 514, 11, 109, 17, 1, 1831
3819035559, 850, 0, 157, 1057, 491, 11, 107, 17, 1, 1775
3819036616, 851, 0, 153, 1048, 514, 13, 125, 17, 1, 1959
3819037664, 850, 0, 157, 1046, 606, 13, 126, 17, 1, 2127
3819038710, 850, 0, 169, 1056, 573, 13, 125, 17, 1, 2107
3819039766, 851, 0, 161, 1046, 552, 13, 123, 17, 1, 2041
3819040812, 850, 0, 164, 1047, 548, 13, 119, 17, 1, 2004
3819041859, 852, 0, 156, 1035, 522, 13, 119, 17, 1, 2005
3819042894, 851, 0, 151, 1046, 535, 13, 121, 17, 1, 2030
3819043940, 850, 0, 166, 1033, 546, 13, 122, 17, 1, 2061
3819044973, 851, 0, 162, 1032, 552, 13, 125, 17, 1, 2101
3819046005, 851, 0, 149, 1038, 555, 13, 123, 17, 1, 2052
3819047043, 850, 0, 147, 1029, 524, 13, 121, 17, 1, 2036
3819048072, 850, 0, 167, 1047, 518, 13, 119, 17, 1, 2010
3819049119, 850, 0, 154, 1031, 489, 13, 117, 17, 1, 1965
3819050150, 850, 0, 141, 1028, 503, 13, 114, 17, 1, 1910
3819051178, 850, 0, 133, 1032, 457, 13, 111, 17, 1, 1860
3819052211, 851, 0, 142, 1028, 471, 13, 112, 17, 1, 1879
3819053239, 850, 0, 143, 1028, 460, 13, 114, 17, 1, 1916
3819054267, 851, 0, 135, 1026, 476, 13, 113, 17, 1, 1909
3819055293, 850, 0, 133, 1031, 478, 13, 114, 17, 1, 1928
3819056324, 851, 0, 138, 1040, 487, 13, 116, 17, 1, 1965
3819057364, 850, 0, 157, 1032, 489, 13, 118, 17, 1, 1994
3819058397, 850, 0, 160, 1032, 495, 13, 117, 17, 1, 1983
3819059429, 851, 0, 154, 1025, 480, 13, 119, 17, 1, 2006
3819060454, 850, 0, 144, 1028, 497, 13, 118, 17, 1, 1991
3819061482, 850, 0, 149, 1025, 482, 13, 118, 17, 1, 1993
3819062507, 851, 0, 157, 1030, 502, 13, 119, 17, 1, 2000
3819063537, 850, 0, 157, 1037, 484, 13, 117, 17, 1, 1975
3819064574, 850, 0, 158, 1034, 474, 13, 117, 17, 1, 1984
3819065608, 850, 0, 140, 1034, 462, 13, 117, 17, 1, 1950
3819066642, 850, 0, 141, 1034, 480, 14, 124, 17, 1, 2020
3819067676, 850, 0, 143, 1022, 494, 14, 123, 17, 1, 2079
3819068698, 850, 0, 158, 1038, 545, 14, 124, 17, 0, 2092
3819069736, 851, 0, 165, 1043, 570, 14, 124, 17, 0, 2099
3819070779, 850, 0, 155, 1027, 585, 14, 124, 17, 0, 2077
3819071806, 850, 0, 151, 1028, 555, 14, 121, 17, 0, 2031
3819072834, 850, 0, 151, 1029, 538, 14, 119, 17, 0, 2023
3819073863, 850, 0, 146, 1019, 553, 14, 120, 17, 0, 2027
3819074882, 850, 0, 153, 1024, 560, 14, 120, 17, 0, 2035
3819075906, 850, 0, 158, 1027, 559, 14, 120, 17, 0, 2021
3819076934, 850, 0, 153, 1027, 562, 14, 118, 17, 0, 1997
3819077961, 851, 0, 159, 1047, 559, 14, 118, 17, 0, 1996
3819079008, 850, 0, 172, 1050, 560, 14, 118, 17, 0, 1993
3819080058, 850, 0, 151, 1035, 551, 14, 116, 17, 0, 1942
3819081093, 850, 0, 152, 1032, 552, 14, 114, 17, 0, 1919
3819082125, 850, 0, 148, 1029, 548, 14, 114, 17, 0, 1912
3819083154, 850, 0, 147, 1020, 536, 14, 113, 17, 0, 1908
3819084175, 852, 0, 142, 1032, 540, 14, 113, 17, 0, 1900
3819085208, 852, 0, 138, 1034, 520, 14, 110, 17, 0, 1865
3819086242, 851, 0, 139, 1025, 507, 15, 125, 17, 0, 1846
3819087267, 850, 0, 162, 1035, 587, 15, 125, 17, 0, 2073
3819088302, 850, 0, 162, 1039, 616, 15, 122, 17, 1, 2035
3819089341, 850, 0, 158, 1033, 615, 15, 123, 17, 1, 2066
3819090374, 850, 0, 158, 1026, 620, 15, 125, 17, 1, 2100
3819091400, 850, 0, 169, 1032, 624, 15, 126, 17, 1, 2122
3819092432, 850, 0, 158, 1025, 643, 15, 128, 17, 1, 2148
3819093457, 851, 0, 151, 1045, 625, 15, 128, 17, 1, 2148
3819094502, 851, 0, 164, 1036, 618, 15, 126, 17, 1, 2130
3819095538, 851, 0, 161, 1031, 599, 15, 125, 17, 1, 2094
3819096569, 850, 0, 162, 1030, 616, 15, 125, 17, 1, 2122
3819097599, 850, 0, 166, 1039, 619, 15, 124, 17, 1, 2108
3819098638, 852, 0, 133, 1019, 609, 15, 123, 17, 1, 2074
3819099657, 851, 0, 142, 1026, 592, 15, 121, 17, 1, 2043
3819100683, 850, 0, 150, 1037, 598, 15, 122, 17, 1, 2056
3819101720, 850, 0, 152, 1027, 612, 15, 125, 17, 1, 2106
3819102747, 851, 0, 156, 1028, 605, 15, 125, 17, 1, 2120
3819103775, 850, 0, 152, 1023, 596, 15, 126, 17, 1, 2109
3819104798, 850, 0, 151, 1028, 579, 15, 123, 17, 1, 2070
3819105826, 850, 0, 153, 1032, 596, 15, 123, 17, 1, 2068
3819106858, 852, 0, 151, 1039, 570, 15, 121, 17, 1, 2043
3819107897, 851, 0, 143, 1027, 588, 15, 120, 17, 1, 2035
3819108924, 850, 0, 142, 1029, 582, 15, 121, 17, 1, 2054
3819109953, 850, 0, 141, 1035, 577, 15, 125, 17, 1, 2102
3819110988, 850, 0, 151, 1025, 596, 15, 129, 17, 1, 2155
3819112013, 850, 0, 159, 1034, 617, 15, 132, 17, 1, 2236
3819113047, 851, 0, 158, 1034, 624, 15, 135, 17, 1, 2257
3819114081, 850, 0, 150, 1027, 577, 15, 135, 17, 1, 2286
3819115108, 850, 0, 156, 1025, 620, 15, 135, 17, 1, 2274
3819116133, 851, 0, 144, 1022, 585, 15, 134, 17, 1, 2268
3819117156, 851, 0, 153, 1022, 572, 15, 135, 17, 1, 2290
3819118178, 851, 0, 152, 1023, 553, 15, 136, 17, 1, 2303
3819119201, 850, 0, 145, 1020, 547, 15, 136, 17, 1, 2299
3819120221, 852, 0, 154, 1025, 542, 15, 137, 17, 1, 2299
3819121246, 850, 0, 156, 1028, 532, 15, 137, 17, 1, 2314
3819122274, 851, 0, 150, 1025, 537, 15, 136, 17, 1, 2300
3819123299, 850, 0, 159, 1032, 536, 15, 139, 17, 1, 2336
3819124331, 850, 0, 171, 1033, 545, 15, 139, 17, 1, 2363
3819125364, 850, 0, 155, 1026, 554, 15, 142, 17, 1, 2398
3819126390, 850, 0, 166, 1041, 536, 15, 142, 17, 1, 2397
3819127431, 850, 0, 154, 1038, 524, 14, 134, 17, 1, 2263
3819128469, 851, 0, 144, 1026, 509, 14, 138, 17, 1, 2298
3819129496, 851, 0, 160, 1034, 565, 14, 139, 17, 0, 2361
3819130530, 851, 0, 166, 1033, 589, 14, 140, 17, 0, 2367
3819131563, 850, 0, 172, 1036, 624, 14, 139, 17, 0, 2344
3819132599, 850, 0, 161, 1028, 630, 14, 139, 17, 0, 2348
3819133627, 850, 0, 147, 1033, 623, 14, 138, 17, 0, 2346
3819134660, 852, 0, 144, 1031, 626, 14, 138, 17, 0, 2315
3819135691, 850, 0, 163, 1048, 644, 14, 136, 17, 0, 2300
3819136739, 851, 0, 148, 1030, 637, 14, 135, 17, 0, 2276
3819137769, 850, 0, 142, 1026, 624, 14, 134, 17, 0, 2265
3819138795, 850, 0, 169, 1035, 628, 14, 135, 17, 0, 2295
3819139830, 851, 0, 156, 1025, 639, 14, 135, 17, 0, 2283
3819140855, 850, 0, 153, 1036, 631, 14, 133, 17, 0, 2260
3819141891, 850, 0, 166, 1037, 644, 14, 134, 17, 0, 2267
3819142928, 850, 0, 151, 1027, 628, 14, 134, 17, 0, 2262
3819143955, 850, 0, 156, 1032, 624, 14, 133, 17, 0, 2251
3819144987, 852, 0, 143, 1031, 629, 14, 132, 17, 0, 2239
3819146018, 852, 0, 143, 1035, 619, 14, 131, 17, 0, 2203
3819147053, 852, 0, 134, 1038, 622, 14, 129, 17, 0, 2176
3819148091, 850, 0, 145, 1036, 620, 14, 128, 17, 0, 2159
3819149128, 850, 0, 133, 1039, 661, 14, 129, 17, 1, 2184
3819150167, 850, 0, 151, 1031, 644, 14, 131, 17, 1, 2202
3819151198, 850, 0, 159, 1033, 668, 14, 136, 17, 1, 2262
3819152231, 850, 0, 140, 1029, 665, 14, 136, 17, 1, 2307
3819153260, 850, 0, 159, 1034, 671, 14, 138, 17, 1, 2325
3819154294, 850, 0, 152, 1032, 659, 14, 139, 17, 1, 2348
3819155326, 850, 0, 163, 1036, 660, 14, 141, 17, 1, 2375
3819156362, 850, 0, 153, 1033, 611, 14, 143, 17, 1, 2404
3819157395, 850, 0, 171, 1032, 646, 14, 145, 17, 1, 2450
3819158427, 850, 0, 162, 1041, 668, 14, 147, 17, 1, 2479
3819159468, 852, 0, 162, 1035, 630, 14, 148, 17, 1, 2497
3819160503, 851, 0, 165, 1034, 659, 14, 151, 17, 1, 2519
3819161537, 850, 0, 162, 1028, 647, 14, 154, 17, 1, 2583
3819162565, 850, 0, 179, 1043, 670, 14, 154, 17, 1, 2601
3819163608, 850, 0, 169, 1030, 664, 14, 155, 17, 1, 2620
3819164638, 852, 0, 172, 1034, 675, 14, 158, 17, 1, 2660
3819165672, 852, 0, 174, 1038, 670, 14, 161, 17, 1, 2713
3819166711, 850, 0, 178, 1041, 711, 14, 162, 17, 1, 2685
3819167752, 850, 0, 162, 1028, 587, 13, 148, 17, 1, 2503
3819168780, 850, 0, 168, 1028, 608, 13, 152, 17, 1, 2545
3819169808, 850, 0, 173, 1035, 606, 13, 154, 17, 1, 2607
3819170843, 851, 0, 167, 1031, 593, 13, 156, 17, 1, 2643
3819171874, 850, 0, 164, 1021, 597, 13, 158, 17, 1, 2667
3819172895, 851, 1, 175, 1044, 633, 13, 161, 17, 1, 2717
3819173939, 850, 0, 167, 1029, 601, 13, 163, 17, 1, 2760
3819174968, 851, 0, 171, 1030, 613, 13, 164, 17, 1, 2772
3819175998, 851, 0, 167, 1024, 576, 13, 167, 17, 1, 2803
3819177022, 851, 0, 178, 1035, 604, 13, 169, 17, 1, 2856
3819178057, 850, 0, 183, 1041, 621, 13, 172, 17, 1, 2900
3819179098, 850, 0, 176, 1030, 635, 13, 173, 17, 1, 2929
3819180128, 852, 0, 185, 1045, 670, 13, 176, 17, 1, 2963
3819181173, 850, 0, 188, 1043, 680, 13, 179, 17, 1, 3013
3819182216, 850, 0, 195, 1050, 666, 13, 181, 17, 1, 3045
3819183266, 850, 0, 187, 1042, 650, 13, 183, 17, 1, 3101
3819184308, 852, 0, 185, 1044, 671, 13, 185, 17, 1, 3113
3819185352, 850, 0, 186, 1040, 663, 13, 188, 17, 1, 3169
3819186392, 850, 0, 191, 1046, 669, 13, 190, 17, 1, 3223
3819187438, 850, 0, 194, 1049, 664, 13, 192, 17, 1, 3257
3819188487, 850, 0, 193, 1048, 682, 13, 194, 17, 1, 3278
3819189535, 850, 0, 198, 1053, 697, 13, 201, 17, 1, 3379
3819190588, 850, 0, 200, 1053, 726, 13, 204, 17, 1, 3447
3819191641, 852, 0, 195, 1049, 735, 13, 206, 17, 1, 3495
3819192690, 850, 0, 199, 1052, 726, 13, 209, 17, 1, 3519
3819193742, 850, 0, 200, 1053, 758, 13, 213, 17, 1, 3593
3819194795, 851, 0, 210, 1063, 773, 13, 217, 17, 1, 3652
3819195858, 800, 0, 201, 1004, 740, 13, 221, 16, 1, 3498
3819196862, 800, 0, 211, 1016, 756, 13, 224, 16, 1, 3562
3819197878, 801, 0, 207, 1010, 696, 13, 227, 16, 1, 3604
3819198888, 801, 0, 209, 1012, 742, 13, 228, 16, 1, 3637
3819199900, 801, 0, 207, 1008, 781, 13, 230, 16, 1, 3671
3819200908, 801, 0, 216, 1018, 772, 13, 234, 16, 1, 3727
3819201926, 800, 0, 204, 1007, 789, 13, 237, 16, 1, 3780
3819202933, 800, 0, 213, 1017, 845, 13, 239, 16, 1, 3814
3819203950, 801, 0, 220, 1021, 814, 13, 241, 16, 1, 3835
3819204971, 800, 0, 216, 1017, 801, 13, 245, 16, 1, 3897
3819205988, 800, 0, 223, 1027, 823, 13, 247, 16, 1, 3933
3819207015, 800, 0, 226, 1028, 824, 13, 248, 16, 0, 3965
3819208043, 801, 1, 210, 1017, 903, 13, 247, 16, 0, 3946
3819209061, 801, 0, 216, 1019, 933, 13, 247, 16, 0, 3941
3819210080, 804, 0, 211, 1017, 956, 13, 247, 16, 0, 3952
3819211097, 800, 0, 214, 1020, 987, 13, 247, 16, 0, 3926
3819212117, 800, 0, 220, 1025, 999, 13, 244, 16, 0, 3859
3819213143, 800, 0, 212, 1015, 1020, 13, 240, 16, 0, 3833
3819214158, 800, 0, 208, 1011, 991, 13, 239, 16, 0, 3803
3819215169, 800, 0, 202, 1004, 976, 13, 237, 16, 0, 3792
3819216173, 800, 0, 202, 1006, 993, 13, 236, 16, 0, 3776
3819217179, 800, 0, 208, 1014, 1013, 13, 236, 16, 0, 3764
3819218193, 800, 0, 199, 1004, 982, 13, 235, 16, 0, 3760
3819219197, 801, 0, 207, 1012, 999, 13, 235, 16, 0, 3760
3819220209, 800, 0, 205, 1009, 985, 13, 235, 16, 0, 3743
3819221218, 800, 0, 211, 1012, 997, 13, 234, 16, 0, 3727
3819222230, 801, 0, 208, 1013, 982, 13, 231, 16, 0, 3674
3819223243, 800, 0, 213, 1018, 1018, 13, 229, 16, 0, 3614
3819224261, 801, 0, 207, 1009, 958, 13, 223, 16, 0, 3503
3819225270, 800, 0, 204, 1006, 911, 13, 215, 16, 0, 3359
3819226276, 800, 0, 201, 1006, 885, 13, 206, 16, 0, 3216
3819227282, 800, 0, 204, 1011, 904, 13, 205, 16, 1, 3182
3819228293, 801, 0, 201, 1005, 954, 13, 214, 16, 1, 3350
3819229298, 800, 0, 202, 1004, 1004, 13, 222, 16, 1, 3491
3819230302, 801, 0, 206, 1014, 1060, 13, 232, 16, 1, 3668
3819231316, 800, 0, 226, 1032, 1041, 13, 237, 16, 1, 3748
3819232348, 801, 0, 217, 1021, 1106, 13, 238, 16, 1, 3808
3819233369, 800, 0, 224, 1025, 1093, 13, 240, 16, 1, 3830
3819234394, 801, 0, 211, 1015, 1045, 13, 242, 16, 1, 3855
3819235409, 800, 0, 212, 1014, 1076, 13, 244, 16, 1, 3895
3819236423, 801, 0, 214, 1020, 1080, 13, 246, 16, 1, 3919
3819237443, 800, 0, 220, 1025, 1074, 13, 248, 16, 1, 3945
3819238468, 800, 0, 222, 1023, 1058, 13, 251, 16, 1, 3996
3819239491, 802, 0, 215, 1020, 1040, 13, 254, 16, 1, 4057
3819240511, 800, 0, 226, 1029, 1076, 13, 260, 16, 1, 4114
3819241540, 801, 0, 222, 1024, 1051, 13, 261, 16, 1, 4173
3819242564, 801, 0, 220, 1026, 1060, 13, 262, 16, 1, 4189
3819243590, 800, 0, 225, 1029, 1064, 13, 266, 16, 1, 4221
3819244619, 800, 0, 231, 1032, 1074, 13, 268, 16, 1, 4279
3819245651, 800, 0, 227, 1033, 1066, 13, 272, 16, 1, 4319
3819246685, 800, 0, 222, 1027, 1081, 13, 273, 16, 1, 4358
3819247712, 800, 0, 226, 1029, 1096, 13, 273, 16, 1, 4368
3819248741, 801, 0, 231, 1035, 1121, 13, 277, 16, 1, 4397
3819249776, 800, 0, 235, 1037, 1115, 13, 280, 16, 1, 4467
3819250813, 801, 0, 235, 1039, 1111, 13, 284, 16, 1, 4503
3819251852, 800, 0, 244, 1045, 1128, 13, 288, 16, 1, 4583
3819252897, 801, 0, 247, 1048, 1144, 13, 293, 16, 1, 4648
3819253945, 800, 0, 250, 1053, 1182, 13, 296, 16, 1, 4705
3819254998, 800, 0, 250, 1050, 1176, 13, 298, 16, 1, 4752
3819256048, 750, 0, 250, 1001, 1070, 13, 300, 15, 1, 4485
3819257049, 801, 0, 245, 1050, 1118, 13, 304, 16, 1, 4829
3819258100, 800, 0, 261, 1063, 1150, 13, 306, 16, 1, 4892
3819259163, 800, 0, 256, 1059, 1143, 13, 309, 16, 1, 4920
3819260222, 800, 0, 256, 1058, 1128, 13, 312, 16, 1, 4952
3819261280, 801, 0, 260, 1065, 1154, 13, 314, 16, 1, 4999
3819262345, 800, 0, 267, 1068, 1142, 13, 318, 16, 1, 5070
3819263413, 750, 0, 250, 1002, 1134, 13, 321, 15, 1, 4799
3819264415, 750, 0, 254, 1006, 1137, 13, 324, 15, 1, 4836
3819265421, 751, 0, 254, 1007, 1133, 13, 325, 15, 1, 4864
3819266428, 750, 0, 258, 1013, 1135, 13, 330, 15, 1, 4903
3819267441, 750, 0, 258, 1010, 1099, 13, 332, 15, 1, 4969
3819268451, 750, 0, 254, 1007, 1102, 13, 335, 15, 1, 5000
3819269459, 751, 0, 260, 1012, 1056, 13, 336, 15, 1, 5028
3819270472, 750, 0, 254, 1009, 1116, 13, 338, 15, 1, 5046
3819271481, 750, 0, 262, 1014, 1105, 13, 341, 15, 1, 5091
3819272495, 751, 0, 266, 1021, 1101, 13, 345, 15, 1, 5150
3819273517, 751, 0, 264, 1019, 1103, 13, 347, 15, 1, 5200
3819274536, 750, 0, 270, 1021, 1123, 13, 348, 15, 1, 5212
3819275557, 750, 0, 275, 1027, 1135, 13, 356, 15, 1, 5284
3819276584, 750, 0, 278, 1031, 1135, 13, 359, 15, 1, 5362
3819277615, 750, 0, 281, 1037, 1199, 13, 363, 15, 1, 5411
3819278653, 752, 0, 291, 1045, 1177, 13, 366, 15, 1, 5488
3819279698, 750, 0, 295, 1049, 1165, 13, 370, 15, 1, 5535
3819280747, 750, 0, 297, 1047, 1206, 13, 372, 15, 1, 5570
3819281794, 750, 0, 292, 1047, 1220, 13, 377, 15, 1, 5621
3819282841, 750, 0, 299, 1049, 1200, 13, 378, 15, 1, 5669
3819283890, 750, 0, 292, 1044, 1132, 13, 383, 15, 1, 5713
3819284934, 751, 0, 302, 1057, 1184, 13, 384, 15, 1, 5753
3819285991, 750, 0, 302, 1054, 1157, 13, 388, 15, 1, 5795
3819287045, 750, 0, 303, 1058, 1146, 13, 390, 15, 1, 5839
3819288103, 751, 0, 308, 1062, 1193, 13, 392, 15, 1, 5870
3819289165, 750, 0, 308, 1061, 1204, 13, 393, 15, 1, 5887
3819290226, 750, 0, 307, 1060, 1128, 13, 395, 15, 1, 5913
3819291286, 751, 0, 313, 1068, 1114, 13, 396, 15, 1, 5936
3819292354, 750, 0, 310, 1062, 1139, 13, 398, 15, 1, 5951
3819293416, 750, 0, 314, 1064, 1049, 13, 399, 15, 1, 5978
3819294480, 753, 0, 311, 1068, 1116, 13, 401, 15, 0, 5996
3819295548, 750, 0, 317, 1068, 1213, 13, 401, 15, 0, 6002
3819296616, 751, 0, 310, 1064, 1256, 13, 401, 15, 0, 6007
3819297681, 750, 0, 308, 1061, 1296, 13, 400, 15, 0, 5985
3819298742, 750, 0, 303, 1056, 1379, 13, 398, 15, 0, 5957
3819299798, 750, 0, 302, 1056, 1466, 13, 397, 15, 0, 5955
3819300854, 750, 0, 308, 1060, 1450, 13, 397, 15, 0, 5946
3819301914, 750, 0, 297, 1050, 1504, 13, 397, 15, 0, 5954
3819302964, 750, 0, 293, 1046, 1495, 13, 396, 15, 0, 5913
3819304010, 750, 0, 298, 1051, 1563, 13, 394, 15, 0, 5897
3819305062, 750, 0, 300, 1052, 1541, 13, 393, 15, 0, 5889
3819306114, 751, 0, 302, 1055, 1676, 13, 392, 15, 0, 5879
3819307169, 750, 0, 291, 1049, 1612, 13, 391, 15, 0, 5865
3819308218, 750, 0, 286, 1038, 1629, 13, 391, 15, 0, 5841
3819309256, 750, 0, 286, 1037, 1613, 13, 388, 15, 0, 5820
3819310293, 750, 0, 296, 1048, 1592, 13, 387, 15, 0, 5805
3819311341, 750, 0, 286, 1037, 1619, 13, 387, 15, 0, 5796
3819312378, 750, 0, 285, 1040, 1632, 13, 385, 15, 0, 5766
3819313418, 750, 0, 278, 1033, 1626, 13, 384, 15, 0, 5760
3819314451, 750, 0, 281, 1033, 1640, 13, 384, 15, 1, 5741
3819315485, 750, 0, 283, 1036, 1640, 13, 386, 15, 1, 5789
3819316521, 750, 0, 285, 1038, 1634, 13, 386, 15, 1, 5790
3819317559, 751, 0, 287, 1038, 1577, 13, 389, 15, 1, 5797
3819318597, 751, 0, 287, 1043, 1562, 13, 391, 15, 1, 5852
3819319640, 750, 0, 295, 1053, 1483, 13, 394, 15, 1, 5889
3819320693, 750, 0, 300, 1050, 1434, 13, 395, 15, 1, 5914
3819321744, 750, 0, 297, 1052, 1420, 13, 397, 15, 1, 5943
3819322796, 750, 0, 306, 1060, 1461, 13, 399, 15, 1, 5980
3819323856, 751, 0, 306, 1061, 1415, 13, 405, 15, 1, 6051
3819324917, 750, 0, 316, 1067, 1438, 13, 408, 15, 1, 6102
3819325984, 750, 0, 307, 1065, 1438, 13, 411, 15, 1, 6140
3819327049, 751, 0, 310, 1062, 1413, 13, 413, 15, 1, 6179
3819328111, 700, 0, 306, 1008, 1340, 13, 416, 14, 1, 5797
3819329119, 700, 0, 298, 1004, 1346, 13, 418, 14, 1, 5844
3819330123, 700, 0, 303, 1007, 1288, 13, 420, 14, 1, 5871
3819331130, 700, 0, 305, 1010, 1374, 13, 422, 14, 1, 5901
3819332140, 700, 0, 306, 1010, 1345, 13, 425, 14, 1, 5926
3819333150, 700, 0, 312, 1017, 1353, 13, 427, 14, 1, 5953
3819334167, 700, 0, 312, 1017, 1371, 13, 431, 14, 1, 5992
3819335184, 700, 0, 320, 1023, 1386, 13, 432, 14, 1, 6042
3819336207, 700, 0, 317, 1018, 1374, 13, 434, 14, 1, 6062
3819337225, 700, 0, 320, 1021, 1373, 13, 438, 14, 1, 6098
3819338246, 700, 0, 318, 1020, 1355, 13, 440, 14, 1, 6149
3819339266, 700, 0, 322, 1024, 1384, 13, 441, 14, 1, 6162
3819340290, 700, 0, 325, 1028, 1349, 13, 443, 14, 1, 6202
3819341319, 700, 0, 329, 1030, 1399, 13, 446, 14, 1, 6226
3819342349, 701, 0, 327, 1030, 1423, 13, 447, 14, 1, 6253
3819343379, 701, 0, 331, 1033, 1405, 13, 449, 14, 1, 6281
3819344412, 700, 0, 331, 1033, 1371, 13, 450, 14, 1, 6299
3819345445, 700, 0, 336, 1037, 1417, 13, 453, 14, 1, 6320
3819346483, 700, 0, 329, 1031, 1366, 13, 454, 14, 1, 6347
3819347514, 700, 0, 335, 1039, 1424, 13, 458, 14, 1, 6373
3819348553, 700, 0, 336, 1037, 1419, 13, 459, 14, 1, 6415
3819349590, 701, 0, 339, 1042, 1398, 13, 460, 14, 1, 6437
3819350632, 700, 0, 345, 1046, 1422, 13, 462, 14, 1, 6462
3819351678, 700, 0, 342, 1046, 1391, 13, 463, 14, 1, 6470
3819352724, 700, 0, 348, 1050, 1396, 13, 463, 14, 1, 6482
3819353774, 700, 0, 342, 1044, 1388, 13, 463, 14, 1, 6482
3819354818, 700, 0, 343, 1046, 1428, 13, 464, 14, 1, 6492
3819355864, 701, 0, 344, 1048, 1361, 13, 464, 14, 1, 6496
3819356913, 701, 0, 349, 1053, 1369, 13, 465, 14, 1, 6502
3819357966, 700, 0, 345, 1050, 1317, 13, 466, 14, 1, 6512
3819359016, 700, 0, 357, 1059, 1393, 13, 467, 14, 1, 6529
3819360075, 701, 0, 347, 1051, 1335, 13, 468, 14, 1, 6546
3819361126, 701, 0, 348, 1051, 1333, 13, 469, 14, 1, 6565
3819362177, 700, 0, 348, 1052, 1317, 13, 470, 14, 1, 6574
3819363229, 700, 0, 350, 1053, 1346, 13, 471, 14, 1, 6584
3819364283, 700, 0, 356, 1060, 1287, 13, 472, 14, 1, 6596
3819365343, 700, 0, 361, 1062, 1368, 13, 474, 14, 1, 6622
3819366405, 700, 0, 356, 1060, 1302, 13, 477, 14, 1, 6661
3819367465, 700, 0, 365, 1068, 1346, 13, 478, 14, 1, 6687
3819368533, 700, 0, 367, 1069, 1378, 13, 480, 14, 1, 6711
3819369602, 700, 0, 364, 1065, 1357, 13, 480, 14, 1, 6720
3819370667, 701, 0, 366, 1067, 1342, 13, 481, 14, 1, 6727
3819371734, 700, 0, 365, 1068, 1369, 13, 482, 14, 1, 6741
3819372802, 700, 0, 364, 1068, 1340, 13, 482, 14, 1, 6748
3819373870, 701, 0, 365, 1068, 1275, 13, 483, 14, 1, 6762
3819374939, 701, 0, 368, 1071, 1294, 13, 485, 14, 1, 6775
3819376010, 701, 0, 373, 1075, 1344, 13, 486, 14, 1, 6794
3819377085, 701, 0, 372, 1077, 1255, 13, 487, 14, 0, 6805
3819378162, 700, 0, 373, 1074, 1458, 13, 487, 14, 0, 6818
3819379236, 702, 0, 375, 1078, 1515, 13, 487, 14, 0, 6818
3819380314, 700, 0, 373, 1076, 1579, 13, 487, 14, 0, 6818
3819381390, 700, 0, 364, 1066, 1651, 13, 487, 14, 0, 6818
3819382456, 700, 0, 366, 1067, 1702, 13, 487, 14, 0, 6818
3819383524, 700, 0, 365, 1066, 1742, 13, 487, 14, 0, 6818
3819384590, 702, 0, 372, 1075, 1756, 13, 487, 14, 0, 6806
3819385665, 700, 0, 361, 1062, 1766, 13, 486, 14, 0, 6782
3819386727, 700, 0, 366, 1068, 1865, 13, 484, 14, 0, 6765
3819387795, 700, 0, 359, 1061, 1883, 13, 484, 14, 0, 6774
3819388856, 700, 0, 360, 1062, 1846, 13, 483, 14, 0, 6762
3819389918, 700, 0, 361, 1064, 1927, 13, 483, 14, 0, 6762
3819390982, 701, 0, 364, 1066, 1993, 13, 483, 14, 0, 6762
3819392049, 700, 0, 365, 1066, 1961, 13, 483, 14, 0, 6759
3819393115, 700, 0, 350, 1055, 1939, 13, 482, 14, 0, 6748
3819394171, 700, 0, 357, 1058, 2015, 13, 482, 14, 0, 6736
3819395229, 700, 0, 352, 1055, 2024, 13, 481, 14, 0, 6734
3819396284, 700, 0, 350, 1051, 1974, 13, 482, 14, 0, 6737
3819397335, 700, 0, 350, 1055, 2095, 13, 481, 14, 1, 6734
3819398390, 701, 0, 351, 1055, 2054, 13, 482, 14, 1, 6746
3819399445, 700, 0, 349, 1051, 2056, 13, 485, 14, 1, 6772
3819400496, 700, 0, 351, 1055, 1954, 13, 485, 14, 1, 6790
3819401551, 700, 0, 350, 1055, 1921, 13, 486, 14, 1, 6794
3819402606, 701, 0, 350, 1055, 1848, 13, 486, 14, 1, 6804
3819403661, 700, 0, 359, 1061, 1740, 13, 487, 14, 1, 6814
3819404722, 701, 0, 368, 1071, 1754, 13, 487, 14, 1, 6818
3819405793, 700, 0, 352, 1055, 1636, 13, 488, 14, 1, 6820
3819406848, 702, 0, 353, 1056, 1630, 13, 489, 14, 1, 6841
3819407904, 701, 0, 356, 1057, 1531, 13, 489, 14, 1, 6846
3819408961, 700, 0, 357, 1061, 1539, 13, 490, 14, 1, 6857
3819410022, 700, 0, 360, 1063, 1479, 13, 490, 14, 1, 6860
3819411085, 701, 0, 361, 1065, 1462, 13, 491, 14, 1, 6873
3819412150, 700, 0, 368, 1070, 1512, 13, 492, 14, 1, 6881
3819413220, 652, 0, 348, 1001, 1386, 13, 492, 13, 1, 6396
3819414221, 700, 0, 361, 1063, 1474, 13, 493, 14, 1, 6889
3819415284, 700, 0, 371, 1073, 1374, 13, 493, 14, 1, 6902
3819416357, 700, 0, 360, 1063, 1413, 13, 494, 14, 1, 6908
3819417420, 700, 0, 365, 1066, 1456, 13, 494, 14, 1, 6916
3819418486, 700, 0, 363, 1064, 1383, 13, 495, 14, 1, 6928
3819419550, 700, 0, 361, 1064, 1426, 13, 496, 14, 1, 6937
3819420614, 701, 0, 364, 1067, 1415, 13, 497, 14, 1, 6952
3819421681, 701, 0, 363, 1066, 1343, 13, 497, 14, 1, 6958
3819422747, 700, 0, 363, 1064, 1349, 13, 498, 14, 1, 6969
3819423812, 701, 0, 369, 1071, 1375, 13, 500, 14, 1, 6988
3819424883, 701, 0, 364, 1066, 1318, 13, 500, 14, 1, 7000
3819425949, 701, 0, 363, 1065, 1324, 13, 500, 14, 1, 7000
3819427014, 701, 0, 372, 1073, 1345, 13, 500, 14, 1, 7000
3819428087, 700, 0, 361, 1065, 1316, 13, 500, 14, 1, 7000
3819429152, 700, 0, 367, 1067, 1318, 13, 500, 14, 1, 7000
3819430219, 700, 0, 364, 1065, 1271, 13, 500, 14, 1, 7000
3819431284, 700, 0, 365, 1066, 1187, 13, 500, 14, 1, 7000
3819432350, 700, 0, 366, 1066, 1218, 13, 500, 14, 1, 7000
3819433416, 700, 0, 364, 1065, 1221, 13, 500, 14, 1, 7000
3819434481, 701, 0, 367, 1069, 1200, 13, 500, 14, 1, 7000
3819435550, 700, 0, 363, 1065, 1191, 13, 500, 14, 1, 7000
3819436615, 700, 0, 365, 1068, 1192, 13, 500, 14, 1, 7000
3819437683, 700, 0, 368, 1070, 1134, 13, 500, 14, 1, 7000
3819438753, 701, 0, 367, 1070, 1132, 13, 500, 14, 1, 7000
3819439824, 701, 0, 375, 1077, 1165, 13, 500, 14, 1, 7000
3819440901, 701, 0, 363, 1066, 1131, 13, 500, 14, 1, 7000
3819441967, 700, 0, 369, 1070, 1130, 13, 500, 14, 1, 7000
3819443037, 701, 0, 374, 1076, 1143, 13, 500, 14, 1, 7000
3819444113, 700, 0, 363, 1065, 1138, 13, 500, 14, 1, 7000
3819445178, 701, 0, 372, 1075, 1144, 13, 500, 14, 1, 7000
3819446253, 650, 0, 359, 1009, 1076, 13, 500, 13, 1, 6500
3819447262, 650, 0, 372, 1024, 1096, 13, 500, 13, 1, 6500
3819448286, 700, 0, 374, 1076, 1054, 13, 500, 14, 1, 7000
3819449362, 700, 0, 371, 1071, 1114, 13, 500, 14, 1, 7000
3819450434, 650, 0, 355, 1005, 1018, 13, 500, 13, 1, 6500
3819451439, 650, 0, 363, 1014, 1023, 13, 500, 13, 1, 6500
3819452453, 650, 0, 358, 1017, 1113, 13, 500, 13, 1, 6500
3819453470, 701, 0, 371, 1073, 1126, 13, 500, 14, 1, 7000
3819454543, 700, 0, 367, 1068, 1133, 13, 500, 14, 1, 7000
3819455611, 701, 0, 365, 1068, 1129, 13, 500, 14, 1, 7000
3819456679, 700, 0, 370, 1072, 1107, 13, 500, 14, 1, 7000
3819457751, 651, 0, 350, 1003, 1018, 13, 500, 13, 1, 6500
3819458754, 700, 0, 370, 1071, 1136, 13, 500, 14, 1, 7000
3819459825, 701, 0, 368, 1069, 1153, 13, 500, 14, 1, 7000
3819460894, 700, 0, 370, 1070, 1141, 13, 500, 14, 1, 7000
3819461964, 701, 0, 371, 1074, 1104, 13, 500, 14, 1, 7000
3819463038, 650, 0, 354, 1004, 1073, 13, 500, 13, 1, 6500
3819464042, 700, 0, 368, 1069, 1143, 13, 500, 14, 1, 7000
3819465111, 700, 0, 367, 1069, 1111, 13, 500, 14, 1, 7000
3819466180, 700, 0, 366, 1067, 1108, 13, 500, 14, 1, 7000
3819467247, 700, 0, 367, 1068, 1100, 13, 500, 14, 1, 7000
3819468315, 700, 0, 366, 1069, 1092, 13, 500, 14, 1, 7000
3819469384, 700, 0, 367, 1068, 1168, 13, 500, 14, 1, 7000
3819470452, 700, 0, 370, 1071, 1092, 13, 500, 14, 1, 7000
3819471523, 700, 0, 370, 1070, 1160, 13, 500, 14, 1, 7000
3819472593, 701, 0, 369, 1072, 1105, 13, 500, 14, 1, 7000
3819473665, 701, 0, 366, 1068, 1096, 13, 500, 14, 1, 7000
3819474733, 700, 0, 369, 1070, 1122, 13, 500, 14, 1, 7000
3819475803, 701, 0, 373, 1075, 1142, 13, 500, 14, 1, 7000
3819476878, 700, 0, 371, 1073, 1154, 13, 500, 14, 1, 7000
3819477951, 700, 0, 368, 1068, 1158, 13, 500, 14, 1, 7000
3819479019, 700, 0, 366, 1068, 1225, 13, 500, 14, 0, 7000
3819480087, 700, 0, 373, 1074, 1359, 13, 500, 14, 0, 7000
3819481161, 700, 0, 356, 1057, 1469, 13, 500, 14, 0, 7000
3819482218, 700, 0, 351, 1054, 1539, 13, 500, 14, 0, 7000
3819483272, 700, 0, 360, 1060, 1669, 13, 500, 14, 0, 7000
3819484333, 700, 0, 352, 1053, 1716, 13, 500, 14, 0, 6984
3819485386, 700, 0, 350, 1053, 1687, 13, 497, 14, 0, 6934
3819486439, 700, 0, 348, 1049, 1770, 13, 493, 14, 0, 6883
3819487488, 700, 0, 346, 1049, 1682, 13, 490, 14, 0, 6804
3819488537, 701, 0, 347, 1050, 1749, 13, 482, 14, 0, 6719
3819489587, 700, 0, 347, 1048, 1781, 13, 478, 14, 0, 6651
3819490635, 700, 0, 335, 1036, 1675, 13, 471, 14, 0, 6501
3819491671, 701, 0, 324, 1025, 1669, 13, 454, 14, 0, 6317
3819492696, 700, 0, 312, 1015, 1581, 13, 445, 14, 0, 6111
3819493711, 701, 0, 301, 1005, 1537, 13, 428, 14, 0, 5877
3819494716, 751, 0, 314, 1066, 1582, 13, 410, 15, 0, 6093
3819495782, 752, 0, 318, 1071, 1580, 13, 400, 15, 0, 5904
3819496853, 750, 0, 296, 1051, 1425, 13, 386, 15, 0, 5706
3819497904, 751, 0, 287, 1041, 1408, 13, 373, 15, 0, 5500
3819498945, 750, 0, 281, 1033, 1464, 13, 364, 15, 1, 5337
3819499978, 750, 0, 288, 1038, 1530, 13, 383, 15, 1, 5642
3819501016, 750, 0, 308, 1060, 1649, 13, 406, 15, 1, 5923
3819502076, 750, 0, 318, 1071, 1712, 13, 420, 15, 1, 6207
3819503147, 701, 0, 302, 1005, 1662, 13, 425, 14, 1, 5922
3819504152, 700, 0, 308, 1011, 1729, 13, 436, 14, 1, 6038
3819505163, 700, 0, 318, 1025, 1804, 13, 453, 14, 1, 6236
3819506188, 700, 0, 334, 1034, 1817, 13, 466, 14, 1, 6438
3819507222, 700, 0, 334, 1036, 1873, 13, 474, 14, 1, 6601
3819508258, 700, 0, 332, 1035, 1852, 13, 481, 14, 1, 6689
3819509293, 701, 0, 334, 1037, 1804, 13, 487, 14, 1, 6779
3819510330, 700, 0, 338, 1041, 1858, 13, 493, 14, 1, 6864
3819511371, 700, 0, 343, 1045, 1885, 13, 496, 14, 1, 6925
3819512416, 700, 0, 347, 1049, 1861, 13, 499, 14, 1, 6961
3819513465, 700, 0, 350, 1053, 1832, 13, 499, 14, 1, 6986
3819514518, 700, 0, 347, 1049, 1865, 13, 500, 14, 1, 6989
3819515567, 700, 0, 352, 1053, 1831, 13, 500, 14, 1, 7000
3819516620, 700, 0, 352, 1053, 1850, 13, 500, 14, 1, 7000
3819517673, 700, 0, 350, 1051, 1782, 13, 500, 14, 1, 7000
3819518724, 700, 0, 346, 1047, 1792, 13, 500, 14, 1, 7000
3819519771, 700, 0, 346, 1048, 1733, 13, 500, 14, 1, 7000
3819520819, 700, 0, 343, 1046, 1665, 13, 500, 14, 1, 7000
3819521865, 700, 0, 346, 1048, 1741, 13, 500, 14, 1, 7000
3819522913, 700, 0, 346, 1048, 1691, 13, 500, 14, 1, 7000
3819523961, 700, 0, 350, 1051, 1659, 13, 500, 14, 1, 7000
3819525012, 700, 0, 349, 1050, 1744, 13, 500, 14, 1, 7000
3819526062, 700, 0, 349, 1051, 1662, 13, 500, 14, 1, 7000
3819527113, 700, 0, 345, 1048, 1669, 13, 500, 14, 1, 7000
3819528161, 700, 0, 350, 1050, 1627, 13, 500, 14, 1, 7000
3819529211, 700, 0, 349, 1050, 1642, 13, 500, 14, 1, 7000
3819530262, 700, 0, 359, 1059, 1668, 13, 500, 14, 1, 7000
3819531321, 700, 0, 351, 1051, 1703, 13, 500, 14, 1, 7000
3819532372, 700, 0, 349, 1051, 1626, 13, 500, 14, 1, 7000
3819533423, 701, 0, 349, 1050, 1596, 13, 500, 14, 1, 7000
3819534473, 700, 0, 354, 1054, 1624, 13, 500, 14, 1, 7000
3819535527, 700, 0, 351, 1051, 1676, 13, 500, 14, 1, 7000
3819536579, 700, 0, 355, 1056, 1673, 13, 500, 14, 1, 7000
3819537635, 701, 0, 351, 1054, 1637, 13, 500, 14, 1, 7000
3819538689, 700, 0, 351, 1051, 1614, 13, 500, 14, 1, 7000
3819539740, 700, 0, 352, 1053, 1576, 13, 500, 14, 1, 7000
3819540793, 701, 0, 352, 1054, 1602, 13, 500, 14, 1, 7000
3819541847, 700, 0, 350, 1050, 1595, 13, 500, 14, 1, 7000
3819542897, 701, 0, 354, 1055, 1614, 13, 500, 14, 1, 7000
3819543952, 700, 0, 352, 1053, 1617, 13, 500, 14, 1, 7000
3819545005, 700, 0, 349, 1050, 1566, 13, 500, 14, 1, 7000
3819546055, 700, 0, 357, 1058, 1564, 13, 500, 14, 1, 7000
3819547113, 700, 0, 357, 1060, 1589, 13, 500, 14, 1, 7000
3819548173, 700, 0, 352, 1054, 1556, 13, 500, 14, 1, 7000
3819549227, 700, 0, 354, 1055, 1572, 13, 500, 14, 1, 7000
3819550282, 700, 0, 353, 1055, 1551, 13, 500, 14, 1, 7000
3819551337, 701, 0, 348, 1051, 1577, 13, 500, 14, 1, 7000
3819552388, 700, 0, 359, 1064, 1544, 13, 500, 14, 1, 7000
3819553452, 700, 0, 358, 1060, 1516, 13, 500, 14, 1, 7000
3819554512, 700, 0, 357, 1057, 1503, 13, 500, 14, 1, 7000
3819555569, 700, 0, 354, 1055, 1521, 13, 500, 14, 1, 7000
3819556624, 700, 0, 359, 1059, 1508, 13, 500, 14, 1, 7000
3819557683, 700, 0, 357, 1058, 1505, 13, 500, 14, 1, 7000
3819558742, 700, 0, 357, 1057, 1476, 13, 500, 14, 1, 7000
3819559799, 700, 0, 358, 1059, 1479, 13, 500, 14, 1, 7000
3819560858, 700, 0, 362, 1063, 1477, 13, 500, 14, 1, 7000
3819561921, 701, 0, 358, 1060, 1453, 13, 500, 14, 1, 7000
3819562981, 700, 0, 355, 1058, 1432, 13, 500, 14, 1, 7000
3819564039, 701, 0, 362, 1064, 1454, 13, 500, 14, 1, 7000
3819565103, 700, 0, 361, 1061, 1407, 13, 500, 14, 1, 7000
3819566164, 700, 0, 354, 1055, 1384, 13, 500, 14, 1, 7000
3819567219, 700, 0, 357, 1057, 1446, 13, 500, 14, 1, 7000
3819568277, 700, 0, 360, 1061, 1369, 13, 500, 14, 1, 7000
3819569339, 700, 0, 367, 1067, 1407, 13, 500, 14, 1, 7000
3819570406, 700, 0, 358, 1060, 1339, 13, 500, 14, 1, 7000
3819571466, 700, 0, 362, 1064, 1362, 13, 500, 14, 1, 7000
3819572530, 700, 0, 364, 1066, 1342, 13, 500, 14, 1, 7000
3819573596, 701, 0, 369, 1071, 1359, 13, 500, 14, 0, 7000
3819574667, 700, 0, 358, 1060, 1442, 13, 500, 14, 0, 7000
3819575727, 700, 0, 354, 1057, 1523, 13, 500, 14, 0, 7000
3819576784, 700, 0, 356, 1057, 1586, 13, 500, 14, 0, 7000
3819577841, 700, 0, 359, 1060, 1740, 13, 500, 14, 0, 7000
3819578901, 700, 0, 350, 1051, 1727, 13, 500, 14, 0, 7000
3819579952, 700, 0, 353, 1054, 1732, 13, 500, 14, 0, 7000
3819581006, 700, 0, 358, 1058, 1807, 13, 500, 14, 0, 7000
3819582064, 701, 0, 346, 1048, 1799, 13, 500, 14, 0, 6995
3819583113, 700, 0, 341, 1045, 1862, 13, 498, 14, 0, 6965
3819584158, 700, 0, 349, 1052, 1863, 13, 497, 14, 0, 6958
3819585210, 700, 0, 352, 1053, 1939, 13, 497, 14, 0, 6943
3819586264, 700, 0, 348, 1052, 1896, 13, 494, 14, 0, 6844
3819587316, 700, 0, 345, 1048, 1889, 13, 487, 14, 0, 6809
3819588364, 700, 0, 340, 1042, 1878, 13, 486, 14, 0, 6728
3819589406, 700, 0, 344, 1045, 1942, 13, 479, 14, 0, 6673
3819590451, 700, 0, 329, 1031, 1881, 13, 473, 14, 0, 6560
3819591482, 700, 0, 312, 1017, 1787, 13, 463, 14, 0, 6407
3819592499, 700, 0, 333, 1035, 1773, 13, 454, 14, 0, 6306
3819593534, 700, 0, 311, 1013, 1783, 13, 445, 14, 1, 6185
3819594547, 701, 0, 332, 1034, 1917, 13, 456, 14, 1, 6295
3819595581, 700, 0, 327, 1027, 1912, 13, 466, 14, 1, 6449
3819596608, 700, 0, 338, 1039, 2015, 13, 475, 14, 1, 6610
3819597647, 702, 0, 337, 1041, 2017, 13, 481, 14, 1, 6693
3819598688, 700, 0, 343, 1045, 2066, 13, 487, 14, 1, 6777
3819599733, 700, 0, 336, 1039, 2136, 13, 491, 14, 1, 6859
3819600772, 701, 0, 347, 1052, 2107, 13, 494, 14, 1, 6907
3819601824, 700, 0, 346, 1047, 2059, 13, 497, 14, 1, 6942
3819602871, 700, 0, 338, 1041, 2036, 13, 497, 14, 1, 6958
3819603912, 700, 0, 342, 1043, 2065, 13, 498, 14, 1, 6967
3819604955, 700, 0, 345, 1046, 2068, 13, 498, 14, 1, 6972
3819606001, 700, 0, 350, 1050, 2093, 13, 500, 14, 1, 6981
3819607051, 700, 0, 348, 1050, 2086, 13, 500, 14, 1, 7000
3819608101, 700, 0, 352, 1053, 2061, 13, 500, 14, 1, 7000
3819609154, 700, 0, 357, 1057, 2063, 13, 500, 14, 1, 7000
3819610211, 700, 0, 353, 1054, 2001, 13, 500, 14, 1, 7000
3819611265, 700, 0, 357, 1058, 1941, 13, 500, 14, 1, 7000
3819612323, 700, 0, 357, 1060, 1989, 13, 500, 14, 1, 7000
3819613383, 700, 0, 360, 1061, 1944, 13, 500, 14, 1, 7000
3819614444, 700, 0, 361, 1063, 1933, 13, 500, 14, 1, 7000
3819615507, 650, 0, 350, 1001, 1761, 13, 500, 13, 1, 6500
3819616508, 701, 0, 362, 1063, 1890, 13, 500, 14, 1, 7000
3819617571, 700, 0, 363, 1063, 1821, 13, 500, 14, 1, 7000
3819618635, 700, 0, 361, 1064, 1817, 13, 500, 14, 1, 7000
3819619699, 700, 0, 369, 1071, 1761, 13, 500, 14, 1, 7000
3819620770, 700, 0, 368, 1070, 1846, 13, 500, 14, 1, 7000
3819621840, 650, 0, 351, 1003, 1694, 13, 500, 13, 1, 6500
3819622843, 701, 0, 372, 1073, 1728, 13, 500, 14, 1, 7000
3819623916, 700, 0, 370, 1073, 1716, 13, 500, 14, 1, 7000
3819624989, 701, 0, 364, 1065, 1682, 13, 500, 14, 1, 7000
3819626054, 700, 0, 364, 1066, 1650, 13, 500, 14, 1, 7000
3819627120, 700, 0, 367, 1069, 1671, 13, 500, 14, 1, 7000
3819628189, 701, 0, 371, 1072, 1661, 13, 500, 14, 1, 7000
3819629261, 700, 0, 366, 1067, 1629, 13, 500, 14, 1, 7000
3819630328, 700, 0, 369, 1070, 1635, 13, 500, 14, 1, 7000
3819631398, 700, 0, 374, 1076, 1703, 13, 500, 14, 1, 7000
3819632474, 701, 0, 364, 1065, 1640, 13, 500, 14, 1, 7000
3819633539, 700, 0, 367, 1069, 1668, 13, 500, 14, 1, 7000
3819634609, 700, 0, 364, 1067, 1614, 13, 500, 14, 1, 7000
3819635676, 700, 0, 365, 1066, 1563, 13, 500, 14, 1, 7000
3819636742, 700, 0, 370, 1072, 1663, 13, 500, 14, 1, 7000
3819637814, 700, 0, 366, 1067, 1583, 13, 500, 14, 1, 7000
3819638881, 700, 0, 366, 1067, 1566, 13, 500, 14, 1, 7000
3819639948, 701, 0, 365, 1067, 1587, 13, 500, 14, 1, 7000
3819641015, 702, 0, 364, 1066, 1510, 13, 500, 14, 1, 7000
3819642081, 700, 0, 366, 1067, 1543, 13, 500, 14, 1, 7000
3819643148, 700, 0, 365, 1066, 1565, 13, 500, 14, 1, 7000
3819644214, 700, 0, 364, 1066, 1554, 13, 500, 14, 1, 7000
3819645280, 700, 0, 364, 1064, 1525, 13, 500, 14, 1, 7000
3819646345, 700, 0, 361, 1062, 1530, 13, 500, 14, 1, 7000
3819647407, 700, 0, 357, 1061, 1503, 13, 500, 14, 1, 7000
3819648468, 700, 0, 371, 1073, 1514, 13, 500, 14, 1, 7000
3819649541, 700, 0, 367, 1067, 1528, 13, 500, 14, 1, 7000
3819650608, 700, 0, 365, 1066, 1502, 13, 500, 14, 1, 7000
3819651674, 700, 0, 366, 1069, 1484, 13, 500, 14, 1, 7000
3819652743, 700, 0, 373, 1075, 1474, 13, 500, 14, 1, 7000
3819653818, 701, 0, 372, 1074, 1502, 13, 500, 14, 1, 7000
3819654892, 701, 0, 358, 1061, 1456, 13, 500, 14, 1, 7000
3819655953, 700, 0, 370, 1071, 1492, 13, 500, 14, 1, 7000
3819657024, 700, 0, 364, 1066, 1456, 13, 500, 14, 1, 7000
3819658090, 700, 0, 365, 1065, 1447, 13, 500, 14, 1, 7000
3819659155, 701, 0, 367, 1070, 1393, 13, 500, 14, 1, 7000
3819660225, 700, 0, 363, 1069, 1537, 13, 500, 14, 0, 7000
3819661294, 700, 0, 364, 1065, 1454, 13, 500, 14, 0, 7000
3819662359, 700, 0, 357, 1060, 1664, 13, 500, 14, 0, 7000
3819663419, 701, 0, 359, 1062, 1668, 13, 500, 14, 0, 7000
3819664481, 700, 0, 361, 1062, 1700, 13, 500, 14, 0, 7000
3819665543, 700, 0, 359, 1061, 1834, 13, 500, 14, 0, 6987
3819666604, 701, 0, 358, 1060, 1800, 13, 498, 14, 0, 6958
3819667664, 700, 0, 356, 1057, 1818, 13, 496, 14, 0, 6914
3819668721, 700, 0, 347, 1052, 1850, 13, 489, 14, 0, 6844
3819669773, 701, 0, 351, 1053, 1832, 13, 487, 14, 0, 6769
3819670826, 700, 0, 341, 1044, 1784, 13, 479, 14, 0, 6641
3819671870, 700, 0, 341, 1044, 1837, 13, 471, 14, 0, 6550
3819672914, 700, 0, 340, 1042, 1882, 13, 466, 14, 0, 6488
3819673956, 701, 0, 332, 1033, 1816, 13, 459, 14, 0, 6374
3819674989, 700, 0, 330, 1031, 1794, 13, 450, 14, 0, 6229
3819676020, 701, 0, 317, 1020, 1725, 13, 442, 14, 0, 6095
3819677040, 700, 0, 322, 1023, 1659, 13, 425, 14, 0, 5851
3819678063, 700, 0, 313, 1014, 1686, 13, 411, 14, 0, 5704
3819679077, 751, 0, 317, 1070, 1635, 13, 401, 15, 0, 5895
3819680147, 700, 0, 300, 1004, 1596, 13, 391, 14, 1, 5392
3819681151, 700, 0, 302, 1003, 1571, 13, 406, 14, 1, 5592
3819682154, 700, 0, 308, 1011, 1688, 13, 419, 14, 1, 5778
3819683165, 700, 0, 315, 1018, 1739, 13, 428, 14, 1, 5955
3819684183, 700, 0, 322, 1023, 1754, 13, 444, 14, 1, 6107
3819685206, 700, 0, 324, 1026, 1709, 13, 457, 14, 1, 6297
3819686232, 701, 0, 337, 1039, 1789, 13, 470, 14, 1, 6505
3819687271, 700, 0, 342, 1044, 1709, 13, 476, 14, 1, 6627
3819688315, 700, 0, 344, 1047, 1741, 13, 483, 14, 1, 6737
3819689362, 700, 0, 349, 1049, 1732, 13, 488, 14, 1, 6807
3819690411, 700, 0, 350, 1052, 1750, 13, 492, 14, 1, 6857
3819691463, 700, 0, 351, 1054, 1652, 13, 494, 14, 1, 6905
3819692517, 700, 0, 356, 1058, 1633, 13, 496, 14, 1, 6937
3819693575, 700, 0, 357, 1060, 1613, 13, 499, 14, 1, 6972
3819694635, 700, 0, 364, 1066, 1576, 13, 500, 14, 1, 6990
3819695701, 700, 0, 363, 1065, 1556, 13, 500, 14, 1, 7000
3819696766, 701, 0, 357, 1059, 1519, 13, 500, 14, 1, 7000
3819697825, 700, 0, 357, 1059, 1505, 13, 500, 14, 1, 7000
3819698884, 700, 0, 370, 1071, 1483, 13, 500, 14, 1, 7000
3819699955, 701, 0, 362, 1064, 1464, 13, 500, 14, 1, 7000
3819701019, 700, 0, 365, 1067, 1469, 13, 500, 14, 1, 7000
3819702086, 702, 0, 362, 1064, 1332, 13, 500, 14, 1, 7000
3819703150, 700, 0, 360, 1061, 1374, 13, 500, 14, 1, 7000
3819704211, 701, 0, 359, 1062, 1355, 13, 500, 14, 1, 7000
3819705273, 700, 0, 368, 1070, 1341, 13, 500, 14, 1, 7000
3819706343, 701, 0, 363, 1067, 1352, 13, 500, 14, 1, 7000
3819707411, 700, 0, 368, 1069, 1311, 13, 500, 14, 1, 7000
3819708480, 700, 0, 364, 1067, 1245, 13, 500, 14, 1, 7000
3819709547, 700, 0, 368, 1069, 1298, 13, 500, 14, 1, 7000
3819710616, 701, 0, 366, 1070, 1278, 13, 500, 14, 1, 7000
3819711686, 700, 0, 376, 1076, 1239, 13, 500, 14, 1, 7000
3819712762, 700, 0, 369, 1070, 1269, 13, 500, 14, 1, 7000
3819713832, 700, 0, 366, 1070, 1257, 13, 500, 14, 1, 7000
3819714902, 700, 0, 372, 1073, 1280, 13, 500, 14, 1, 7000
3819715975, 700, 0, 368, 1069, 1220, 13, 500, 14, 1, 7000
3819717044, 700, 0, 371, 1072, 1182, 13, 500, 14, 1, 7000
3819718116, 700, 0, 367, 1068, 1160, 13, 500, 14, 1, 7000
3819719184, 650, 0, 351, 1002, 1069, 13, 500, 13, 1, 6500
3819720186, 701, 0, 369, 1071, 1125, 13, 500, 14, 1, 7000
3819721257, 700, 0, 369, 1071, 1099, 13, 500, 14, 1, 7000
3819722329, 700, 0, 369, 1070, 1133, 13, 500, 14, 1, 7000
3819723399, 701, 0, 373, 1074, 1119, 13, 500, 14, 1, 7000
3819724473, 700, 0, 366, 1068, 1106, 13, 500, 14, 1, 7000
3819725542, 700, 0, 370, 1072, 1163, 13, 500, 14, 1, 7000
3819726614, 700, 0, 368, 1071, 1152, 13, 500, 14, 1, 7000
3819727685, 700, 0, 373, 1075, 1091, 13, 500, 14, 1, 7000
3819728760, 701, 0, 375, 1077, 1042, 13, 500, 14, 1, 7000
3819729837, 700, 0, 371, 1072, 1077, 13, 500, 14, 1, 7000
3819730909, 700, 0, 370, 1072, 1065, 13, 500, 14, 1, 7000
3819731981, 702, 0, 368, 1070, 1065, 13, 500, 14, 1, 7000
3819733051, 700, 0, 364, 1066, 1060, 13, 500, 14, 1, 7000
3819734117, 650, 0, 349, 1001, 980, 13, 500, 13, 1, 6500
3819735118, 651, 0, 368, 1020, 1010, 13, 500, 13, 1, 6500
3819736138, 700, 0, 371, 1073, 1092, 13, 500, 14, 1, 7000
3819737211, 701, 0, 368, 1072, 1111, 13, 500, 14, 1, 7000
3819738283, 701, 0, 369, 1073, 1059, 13, 500, 14, 1, 7000
3819739356, 701, 0, 371, 1073, 1090, 13, 500, 14, 1, 7000
3819740429, 702, 0, 371, 1074, 1071, 13, 500, 14, 1, 7000
3819741503, 701, 0, 369, 1075, 1060, 13, 500, 14, 1, 7000
3819742578, 700, 0, 370, 1072, 1031, 13, 500, 14, 1, 7000
3819743650, 650, 0, 348, 1001, 977, 13, 500, 13, 1, 6500
3819744651, 650, 0, 351, 1002, 951, 13, 500, 13, 1, 6500
3819745653, 700, 0, 373, 1075, 1019, 13, 500, 14, 1, 7000
3819746728, 700, 0, 375, 1077, 1046, 13, 500, 14, 1, 7000
3819747805, 700, 0, 369, 1070, 1045, 13, 500, 14, 1, 7000
3819748875, 650, 0, 362, 1013, 991, 13, 500, 13, 1, 6500
3819749888, 700, 0, 376, 1076, 995, 13, 500, 14, 1, 7000
3819750964, 700, 0, 371, 1072, 1077, 13, 500, 14, 1, 7000
3819752036, 700, 0, 370, 1071, 1019, 13, 500, 14, 1, 7000
3819753107, 700, 0, 376, 1076, 1014, 13, 500, 14, 1, 7000
3819754183, 700, 0, 369, 1069, 1042, 13, 500, 14, 1, 7000
3819755252, 700, 0, 370, 1073, 1048, 13, 500, 14, 1, 7000
3819756325, 700, 0, 373, 1073, 1077, 13, 500, 14, 1, 7000
3819757398, 700, 0, 375, 1075, 1068, 13, 500, 14, 1, 7000
3819758473, 700, 0, 373, 1074, 1015, 13, 500, 14, 1, 7000
3819759547, 700, 0, 372, 1072, 1141, 13, 500, 14, 0, 7000
3819760619, 700, 0, 369, 1069, 1252, 13, 500, 14, 0, 7000
3819761688, 700, 0, 366, 1068, 1374, 13, 500, 14, 0, 7000
3819762756, 700, 0, 367, 1069, 1516, 13, 500, 14, 0, 7000
3819763825, 700, 0, 371, 1072, 1620, 13, 500, 14, 0, 6997
3819764898, 700, 0, 369, 1070, 1619, 13, 499, 14, 0, 6980
3819765968, 700, 0, 358, 1061, 1700, 13, 498, 14, 0, 6951
3819767029, 700, 0, 359, 1061, 1694, 13, 494, 14, 0, 6861
3819768090, 700, 0, 356, 1059, 1720, 13, 486, 14, 0, 6767
3819769150, 700, 0, 350, 1053, 1730, 13, 480, 14, 0, 6668
3819770203, 700, 0, 338, 1040, 1671, 13, 470, 14, 0, 6532
3819771244, 701, 0, 339, 1042, 1708, 13, 462, 14, 0, 6416
3819772287, 700, 0, 322, 1024, 1635, 13, 454, 14, 0, 6298
3819773311, 700, 0, 322, 1024, 1602, 13, 447, 14, 0, 6204
3819774335, 700, 0, 309, 1010, 1645, 13, 435, 14, 0, 6036
3819775345, 701, 0, 308, 1011, 1581, 13, 425, 14, 0, 5909
3819776356, 700, 0, 299, 1002, 1595, 13, 419, 14, 0, 5817
3819777358, 750, 0, 319, 1071, 1698, 13, 411, 15, 0, 6120
3819778429, 750, 0, 312, 1064, 1637, 13, 403, 15, 0, 5970
3819779493, 700, 0, 302, 1005, 1625, 13, 398, 14, 1, 5525
3819780498, 700, 0, 301, 1001, 1543, 13, 407, 14, 1, 5618
3819781499, 700, 0, 303, 1006, 1616, 13, 423, 14, 1, 5808
3819782506, 702, 0, 316, 1019, 1644, 13, 431, 14, 1, 5979
3819783525, 700, 0, 327, 1027, 1717, 13, 443, 14, 1, 6129
3819784553, 700, 0, 332, 1035, 1721, 13, 452, 14, 1, 6257
3819785588, 700, 0, 343, 1044, 1716, 13, 462, 14, 1, 6430
3819786632, 701, 0, 343, 1045, 1678, 13, 472, 14, 1, 6514
